department,course_code,course_name,credits,prerequisites,corequisites,description
CPSC,100,Computational Thinking,3,,,"Meaning and impact of computational thinking. Solving problems using computational thinking, testing, debugging. How computers work. No prior computing experience required. Not for students with existing credit for or exemption from CPSC 107, CPSC 110 or APSC 160. [3-1-0]"
CPSC,103,Introduction to Systematic Program Design,3,,,"Computation as a tool for systematic problem solving in non-computer-science disciplines. Introductory programming skills. Not for credit for students who have credit for, or exemption from, or are concurrently taking CPSC 110 or APSC 160. No programming experience expected. [3-0-1]"
CPSC,107,Systematic Program Design,3,CPSC 103.,,Fundamental computation and program structures. Continuing systematic program design from CPSC 103. [3-2-0] Prerequisite: CPSC 103.
CPSC,110,"Computation, Programs, and Programming",4,,,"Fundamental program and computation structures. Introductory programming skills. Computation as a tool for information processing, simulation and modelling, and interacting with the world. [3-3-0]"
CPSC,121,Models of Computation,4,Principles of Mathematics 12 or Pre-calculus 12.,"One of CPSC 107, CPSC 110.","Physical and mathematical structures of computation. Boolean algebra and combinations logic circuits; proof techniques; functions and sequential circuits; sets and relations; finite state machines; sequential instruction execution. [3-2-1] Prerequisite: Principles of Mathematics 12 or Pre-calculus 12. Corequisite: One of CPSC 107, CPSC 110."
CPSC,203,"Programming, Problem Solving, and Algorithms",3,"One of CPSC 103, CPSC 110, APSC 160, EOSC 211, MATH 210, PHYS 210, COMM 337.",,"Analysis of increasingly complex algorithmic problems, using a modern programming language and a variety of approaches. Problem decomposition and abstraction guide explorations of topics from applied algorithms, for example Voronoi Diagrams, Markov Chains, Bin Packing, and Graph Search. Not for students with credit for, or currently enrolled in, CPSC 210 or CPEN 221. [3-0-1] Prerequisite: One of CPSC 103, CPSC 110, APSC 160, EOSC 211, MATH 210, PHYS 210, COMM 337."
CPSC,210,Software Construction,4,"One of CPSC 107, CPSC 110.",,"Design, development, and analysis of robust software components. Topics such as software design, computational models, data structures, debugging, and testing. [3-2-0] Prerequisite: One of CPSC 107, CPSC 110."
CPSC,213,Introduction to Computer Systems,4,"All of CPSC 121, CPSC 210.",,"Software architecture, operating systems, and I/O architectures. Relationships between application software, operating systems, and computing hardware; critical sections, deadlock avoidance, and performance; principles and operation of disks and networks. [3-3-0] Prerequisite: All of CPSC 121, CPSC 210."
CPSC,221,Basic Algorithms and Data Structures,4,"One of CPSC 210, CPEN 221 and either (a) one of CPSC 121, MATH 220 or (b) a score of 68% or higher in MATH 226.",,"Design and analysis of basic algorithms and data structures; algorithm analysis methods, searching and sorting algorithms, basic data structures, graphs and concurrency. [3-2-0] Prerequisite: One of CPSC 210, CPEN 221 and either (a) one of CPSC 121, MATH 220 or (b) a score of 68% or higher in MATH 226."
CPSC,259,Data Structures and Algorithms for Electrical Engineers,4,APSC 160.,,"Advanced procedural programming. Fundamental algorithms for sorting and searching. Data structures including lists, trees, and hash tables. Introduction to scripting languages and file input/output. [3-2-0] Prerequisite: APSC 160."
CPSC,261,Basics of Computer Systems,4,"One of EECE 259, CPEN 211 and one of EECE 210, CPEN 221.",,"Software architecture, operating systems, and I/O architectures. Relationships between application software, operating systems, and computing hardware; critical sections, deadlock avoidance, and performance; principles and operation of disks and networks. [3-2-1] Prerequisite: One of EECE 259, CPEN 211 and one of EECE 210, CPEN 221."
CPSC,298,Co-operative Work Placement I,3,,,Approved and supervised technical work experience in the computing industry for a minimum of 3.5 months. Normally taken during Winter Session of second year. Technical report required. Restricted to students admitted to the Co-operative Education Program in Computer Science. This course is not eligible for Credit/D/Fail grading.
CPSC,299,Co-operative Work Placement II,3,[CPSC298] This course is not eligible for Credit/D/Fail grading.,,Approved and supervised technical work experience in the computing industry for a minimum of 3.5 months. Normally taken during the summer following the second year. Technical report required. Restricted to students admitted to the Co-operative Education. Prerequisite: [CPSC298] This course is not eligible for Credit/D/Fail grading.
CPSC,302,Numerical Computation for Algebraic Problems,3,"One of CPSC 103, CPSC 110, CPEN 221, EOSC 211, PHYS 210 and one of MATH 101, MATH 103, MATH 105, MATH 121, SCIE 001 and one of MATH 152, MATH 221, MATH 223.",,"Numerical techniques for basic mathematical processes involving no discretization, and their analysis. Solution of linear systems, including analysis of round-off errors; norms and condition number; introduction to iterative techniques in linear algebra, including eigenvalue problems; solution to nonlinear equations. [3-0-0] Prerequisite: One of CPSC 103, CPSC 110, CPEN 221, EOSC 211, PHYS 210 and one of MATH 101, MATH 103, MATH 105, MATH 121, SCIE 001 and one of MATH 152, MATH 221, MATH 223."
CPSC,303,Numerical Approximation and Discretization,3,"One of CPSC 103, CPSC 110, CPEN 221, EOSC 211, PHYS 210 and one of MATH 101, MATH 103, MATH 105, MATH 121, SCIE 001 and one of MATH 152, MATH 221, MATH 223.",,"Numerical techniques for basic mathematical processes involving discretization, and their analysis. Interpolation and approximation, including splines and least squares data fitting; numerical differentiation and integration; introduction to numerical initial value ordinary differential equations. [3-0-0] Prerequisite: One of CPSC 103, CPSC 110, CPEN 221, EOSC 211, PHYS 210 and one of MATH 101, MATH 103, MATH 105, MATH 121, SCIE 001 and one of MATH 152, MATH 221, MATH 223."
CPSC,304,Introduction to Relational Databases,3,CPSC 221.,,"Overview of database systems, ER models, logical database design and normalization, formal relational query languages, SQL and other commercial languages,data warehouses, special topics. [3-0-1] Prerequisite: CPSC 221."
CPSC,310,Introduction to Software Engineering,4,"All of CPSC 213, CPSC 221.",,"Specification, design, validation, evolution and construction of modern software systems, within the context of socially and professionally relevant domains such as ethics, intellectual property, and information security. [3-2-0] Prerequisite: All of CPSC 213, CPSC 221."
CPSC,311,Definition of Programming Languages,3,CPSC 210.,,"Comparative study of advanced programming language features. Statement types, data types, variable binding, parameter passing mechanisms. Methods for syntactic and semantic description of programming languages. [3-0-1] Prerequisite: CPSC 210."
CPSC,312,Functional and Logic Programming,3,"One of CPSC 210, CPEN 221.",,"Principles of symbolic computing, using languages based upon first-order logic and the lambda calculus. Algorithms for implementing such languages. Applications to artificial intelligence and knowledge representation. [3-0-0] Prerequisite: One of CPSC 210, CPEN 221."
CPSC,313,Computer Hardware and Operating Systems,3,"All of CPSC 213, CPSC 221.",,"Instruction sets, pipelining, code optimization, caching, virtual memory management, dynamically linked libraries, exception processing, execution time of programs. [3-0-1] Prerequisite: All of CPSC 213, CPSC 221."
CPSC,314,Computer Graphics,3,"CPSC 221 and one of MATH 200, MATH 217, MATH 226, MATH 253 and one of MATH 152, MATH 221, MATH 223.",,"Human vision and colour; geometric transformations; algorithms for 2-D and 3-D graphics; hardware and system architectures; shading and lighting; animation. [3-1-0] Prerequisite: CPSC 221 and one of MATH 200, MATH 217, MATH 226, MATH 253 and one of MATH 152, MATH 221, MATH 223."
CPSC,317,Introduction to Computer Networking,3,"All of CPSC 213, CPSC 221.",,"Computer networking, basic communication protocols, network infrastructure and routing. Common application-level protocols and principles associated with developing distributed applications. [3-0-1] Prerequisite: All of CPSC 213, CPSC 221."
CPSC,319,Software Engineering Project,4,CPSC 310.,,"The design, implementation, and test of a large software system, using a team approach. [3-0-2] Prerequisite: CPSC 310."
CPSC,320,Intermediate Algorithm Design and Analysis,3,"CPSC 221. and at least 3 credits from COMM 291, BIOL 300, MATH or STAT at 200 level or above.",,"Systematic study of basic concepts and techniques in the design and analysis of algorithms, illustrated from various problem areas. Topics include: models of computation; choice of data structures; graph-theoretic, algebraic, and text processing algorithms. [3-0-1] Prerequisite: CPSC 221. and at least 3 credits from COMM 291, BIOL 300, MATH or STAT at 200 level or above."
CPSC,322,Introduction to Artificial Intelligence,3,CPSC 221.,,Problem-solving and planning; state/action models and graph searching. Natural language understanding Computational vision. Applications of artificial intelligence. [3-0-0] Prerequisite: CPSC 221.
CPSC,330,Applied Machine Learning,3,"Either (a) one of CPSC 203, CPSC 210, CPEN 221 or (b) MATH 210 and one of CPSC 107, CPSC 110.",,"Application of machine learning tools, with an emphasis on solving practical problems. Data cleaning, feature extraction, supervised and unsupervised machine learning, reproducible workflows, and communicating results. [3-0-1] Prerequisite: Either (a) one of CPSC 203, CPSC 210, CPEN 221 or (b) MATH 210 and one of CPSC 107, CPSC 110."
CPSC,340,Machine Learning and Data Mining,3,"CPSC 221 and one of MATH 152, MATH 221, MATH 223 and one of MATH 200, MATH 217, MATH 226, MATH 253, MATH 254 and one of STAT 241, STAT 251, ECON 325, ECON 327, MATH 302, STAT 302, MATH 318.",,"Models of algorithms for dimensionality reduction, nonlinear regression, classification, clustering and unsupervised learning; applications to computer graphics, computer games, bio-informatics, information retrieval, e-commerce, databases, computer vision and artificial intelligence. [3-0-1] Prerequisite: CPSC 221 and one of MATH 152, MATH 221, MATH 223 and one of MATH 200, MATH 217, MATH 226, MATH 253, MATH 254 and one of STAT 241, STAT 251, ECON 325, ECON 327, MATH 302, STAT 302, MATH 318."
CPSC,344,Introduction to Human Computer Interaction Methods,3,"One of CPSC 210, CPEN 221.",,"Basic tools and techniques, teaching a systematic approach to interface design, task analysis, analytic and empirical evaluation methods. [2-2-2] Prerequisite: One of CPSC 210, CPEN 221."
CPSC,349,Honours Research Seminar,0,,,"Students will attend a series of research seminars presented by faculty members, produce a thesis proposal, and choose their honours thesis supervisor. Available to Honours students. Majors students with satisfactory standing may also be permitted to enrol. [1-0-0] This course is not eligible for Credit/D/Fail grading."
CPSC,368,Databases in Data Science,3,"One of CPSC 203, CPSC 210, CPEN 221.",,"Overview of relational and non-relational database systems, role and usage of a database when querying data, data modelling, query languages, and query optimization. [3-0-1] Prerequisite: One of CPSC 203, CPSC 210, CPEN 221."
CPSC,398,Co-operative Work Placement III,3,,,Approved and supervised technical work experience in the computing industry for a minimum of 3.5 months. Normally taken during the summer following the third year. Technical report required. Restricted to students admitted to the Co-operative Education Program in Computer Science. This course is not eligible for Credit/D/Fail grading.
CPSC,399,Co-operative Work Placement IV,3,,,Approved and supervised technical work experience in the computing industry for a minimum of 3.5 months. Normally taken during the fall term of the fourth year. Technical report required. Restricted to students admitted to the Co-operative Education Program in Computer Science. This course is not eligible for Credit/D/Fail grading.
CPSC,402,Numerical Linear Algebra,3,"One of CPSC 302, CPSC 303, MATH 307.",,"Investigation of the practical techniques of computational linear algebra. Orthogonal transformations and their application to the solution of linear equations, the eigenproblem, and linear least squares. Complete solution of the symmetric eigenproblem, including bisection and the QR method. Refinements of these techniques for sparse matrices. [3-0-0] Prerequisite: One of CPSC 302, CPSC 303, MATH 307."
CPSC,404,Advanced Relational Databases,3,"CPSC 304 and one of CPSC 213, CPSC 261, CPEN 212.",,"Physical database design, indexing, external mergesort, relational query processing and optimization, transaction processing, concurrency control, crash recovery, special topics. [3-0-0] Prerequisite: CPSC 304 and one of CPSC 213, CPSC 261, CPEN 212."
CPSC,406,Computational Optimization,3,"One of CPSC 302, CPSC 303, MATH 307.",,"Formulation and analysis of algorithms for continuous and discrete optimization problems; linear, nonlinear, network, dynamic, and integer optimization; large-scale problems; software packages and their implementation; duality theory and sensitivity. [3-0] Prerequisite: One of CPSC 302, CPSC 303, MATH 307."
CPSC,410,Advanced Software Engineering,3,"Either (a) CPSC 310 or (b) all of CPEN 321, CPEN 331.",,"Specification, design, construction and validation of multi-version software systems. [3-0-0] Prerequisite: Either (a) CPSC 310 or (b) all of CPEN 321, CPEN 331."
CPSC,411,Introduction to Compiler Construction,3,"All of CPSC 213, CPSC 221, CPSC 311.",,"A practical introduction to lexical analysis, syntactic analysis, type-checking, code generation and optimization. This will be used to design and implement a compiler for a small language. [3-0-0] Prerequisite: All of CPSC 213, CPSC 221, CPSC 311."
CPSC,415,Advanced Operating Systems,3,"One of CPSC 313, CPEN 331.",,"Process synchronization and communication schemes, including message-passing and concepts of monitor and serializer. Virtual memory systems management and the problem of information sharing in such systems. The working set principle. Traps and interrupt handling. Elementary queuing theory and its application such as process scheduling, system balancing and load control. File systems and operating system design methodologies. [3-0-0] Prerequisite: One of CPSC 313, CPEN 331."
CPSC,416,Distributed Systems,3,"One of CPSC 313, CPEN 331 and one of CPSC 317, ELEC 331.",,"Concepts and design of distributed systems. Communication architecture and models for interprocess communication. Process migration, naming, distributed file systems, fault tolerance, and concurrency control. [3-0-0] Prerequisite: One of CPSC 313, CPEN 331 and one of CPSC 317, ELEC 331."
CPSC,417,Computer Networking,3,"All of CPSC 313, CPSC 317 and one of STAT 200, STAT 201, STAT 241, STAT 251.",,"Network protocols and architecture including internetworking, the Internet, layered communication protocols, routing, flow and congestion control, network performance, wired and wireless data communication. [3-0] Prerequisite: All of CPSC 313, CPSC 317 and one of STAT 200, STAT 201, STAT 241, STAT 251."
CPSC,418,Parallel Computation,3,"CPSC 320 and one of CPSC 261, CPSC 313, CPEN 212, CPEN 411.",,"Algorithms, architectures, and programming paradigms for parallel computation. Shared memory, message passing, and data parallel architectures and programming models. Parallel algorithms including reduce, scan, and sorting networks. Reasoning about the correctness of parallel programs. Performance analysis and measurement for parallel programs. [3-0-0] Prerequisite: CPSC 320 and one of CPSC 261, CPSC 313, CPEN 212, CPEN 411."
CPSC,420,Advanced Algorithms Design and Analysis,3,[CPSC320],,The study of advanced topics in the design and analysis of algorithms and associated data structures. Topics include algorithms for graph-theoretic; algebraic and geometric problems; algorithms on nonsequential models; complexity issues; approximation algorithms. [3-0-0] Prerequisite: [CPSC320]
CPSC,421,Introduction to Theory of Computing,3,One of CPSC 320 or MATH 220 or MATH 226.,,"Characterizations of computability (using machines, languages and functions). Universality, equivalence and Church's thesis. Unsolvable problems. Restricted models of computation. Finite automata, grammars and formal languages. [3-0-0] Prerequisite: One of CPSC 320 or MATH 220 or MATH 226."
CPSC,422,Intelligent Systems,3,CPSC 322.,,"Principles and techniques underlying the design, implementation and evaluation of intelligent computational systems. Applications of artificial intelligence to natural language understanding, image understanding and computer-based expert and advisor systems. Advanced symbolic programming methodology. [3-0-0] Prerequisite: CPSC 322."
CPSC,424,Geometric Modelling,3,"One of MATH 152, MATH 221, MATH 223 and one of MATH 200, MATH 217, MATH 226, MATH 253.",,"Digital representation of curves and surfaces, including splines, subdivision surfaces and meshes. Principles, algorithms and mathematical foundations for geometry representation in computer graphics, computer vision, fabrication, CAD/CAM, and medical imaging. Algorithms for acquisition, creation, representation, and processing of 3D shapes. [3-0-1] Prerequisite: One of MATH 152, MATH 221, MATH 223 and one of MATH 200, MATH 217, MATH 226, MATH 253."
CPSC,425,Computer Vision,3,"All of CPSC 221, MATH 200, MATH 221.",,"Introduction to the processing and interpretation of images. Image sensing, sampling, and filtering. Algorithms for colour analysis, texture description, stereo imaging, motion interpretation, 3D shape recovery, and recognition. [3-0-0] Prerequisite: All of CPSC 221, MATH 200, MATH 221."
CPSC,426,Computer Animation,3,CPSC 314.,,"Motion in computer graphics for characters and their environments. Keyframing, inverse kinematics, particle systems, rigid body dynamics, contact and collision, controller-based active motion, motion capture. [3-0-0] Prerequisite: CPSC 314."
CPSC,427,Video Game Programming,3,"CPSC 221 and one of MATH 200, MATH 217, MATH 226, MATH 253 and one of MATH 152, MATH 221, MATH 223.",,"Video game programming techniques and technologies, including rendering, animation, interaction, game AI, real-time software development for games; start-to-finish simple video-game design and implementation. [3-0-1] Prerequisite: CPSC 221 and one of MATH 200, MATH 217, MATH 226, MATH 253 and one of MATH 152, MATH 221, MATH 223."
CPSC,430,Computers and Society,3,3 credits of Computer Science and at least third-year standing.,,"Impact of computer technology on society; historical perspectives; social and economic consequences of large-scale information processing systems and automatic control; legal and ethical problems in computer applications. Computers and the individual: machine versus human capabilities, fact and fancy; problematic interface between man and machine. [3-0-0] Prerequisite: 3 credits of Computer Science and at least third-year standing."
CPSC,440,Advanced Machine Learning,3,"All of CPSC 320, CPSC 340.",,"Advanced machine learning techniques focusing on probabilistic models. Deep learning and differentiable programming, exponential families and Bayesian inference, probabilistic graphical models and other generative models, Monte Carlo and variational inference methods. [3-0-1] Prerequisite: All of CPSC 320, CPSC 340."
CPSC,444,Advanced Methods for Human Computer Interaction,3,"CPSC 344 and one of STAT 200, STAT 201, STAT 203, STAT 241, STAT 251, BIOL 300, COMM 291, ECON 325, ECON 327, FRST 231, GEOG 374, KIN 206, KIN 371, POLI 380, PSYC 218, PSYC 278, PSYC 366, SOCI 328.",,"Design and evaluation methodologies and theories; formal models of the user including visual, motor, and information processing; advanced evaluation methods including laboratory experiments and field studies; HCI research frontiers. [2-2-2] Prerequisite: CPSC 344 and one of STAT 200, STAT 201, STAT 203, STAT 241, STAT 251, BIOL 300, COMM 291, ECON 325, ECON 327, FRST 231, GEOG 374, KIN 206, KIN 371, POLI 380, PSYC 218, PSYC 278, PSYC 366, SOCI 328."
CPSC,445,Algorithms in Bioinformatics,3,CPSC 320. and either BMEG 250 or six credits of BIOL beyond BIOL 111.,,"Sequence alignment, phylogenetic tree reconstruction, prediction of RNA and protein structure, gene finding and sequence annotation, gene expression, and biomolecular computing. [3-0-0] Prerequisite: CPSC 320. and either BMEG 250 or six credits of BIOL beyond BIOL 111."
CPSC,447,Introduction to Visualization,3,"One of CPSC 310, CPEN 321.",,"Design and implementation of static and interactive visualizations. Selection of appropriate visualization methods for given combinations of data type and intended analysis task. Assessment of visual representations according to design and perceptual principles. [3-0-0] Prerequisite: One of CPSC 310, CPEN 321."
CPSC,449,Honours Thesis,6,[CPSC349],,"Under supervision of a faculty member, students investigate a research topic and prepare a thesis. Prerequisite: [CPSC349]"
CPSC,455,Applied Industry Practices,3,"One of CPSC 310, CPEN 321.",,"Hands-on project, mentored by industry experts, integrating skills relevant to early career in the computing industry: technical skills, communication, teamwork, networking and portfolio building. [2.5-2-0] Prerequisite: One of CPSC 310, CPEN 321."
CPSC,490,Student Directed Seminars,3,,,"Self-directed, collaborative studies, in a group-learning environment, initiated and coordinated by senior undergraduate students with the supervision of a faculty advisor. Course structure, enrolment and delivery methods will comply with the Handbook for Student Directed Seminars. [3-0-0]"
CPSC,491,Interactive Digital Media Practicum,6,"All of CPSC 221, CPSC 310, CPSC 344. and Third-year standing. This course is not eligible for Credit/D/Fail grading.",,"Design and implementation of interactive digital media systems using modern processes and tools. Projects provided by external clients or vetted entrepreneurial pitches are developed by interdisciplinary teams composed of one CPSC 491 student and multiple Master of Digital Media students. Prerequisite: All of CPSC 221, CPSC 310, CPSC 344. and Third-year standing. This course is not eligible for Credit/D/Fail grading."
CPSC,499,Co-operative Work Placement V,3,,,Approved and supervised technical work experience in the computing industry for a minimum of 3.5 months. Normally taken during the summer following the fourth year. Technical report required. Restricted to students admitted to the Co-operative Education Program in Computer Science. This course is not eligible for Credit/D/Fail grading.
CPSC,500,Fundamentals of Algorithm Design and Analysis,3,,,This course is not eligible for Credit/D/Fail grading.
CPSC,501,"Theory of Automata, Formal Languages and Computability",3,,,This course is not eligible for Credit/D/Fail grading.
CPSC,502,Artificial Intelligence I,3,,,This course is not eligible for Credit/D/Fail grading.
CPSC,503,Computational Linguistics I,3,,,This course is not eligible for Credit/D/Fail grading.
CPSC,504,Data Management,3,,,This course is not eligible for Credit/D/Fail grading.
CPSC,505,Image Understanding I: Image Analysis,3,,,This course is not eligible for Credit/D/Fail grading.
CPSC,506,Complexity of Computation,3,,,This course is not eligible for Credit/D/Fail grading.
CPSC,507,Software Engineering,3,,,This course is not eligible for Credit/D/Fail grading.
CPSC,508,Operating Systems,3,,,This course is not eligible for Credit/D/Fail grading.
CPSC,509,Programming Language Principles,3,,,This course is not eligible for Credit/D/Fail grading.
CPSC,511,Implementation of Programming Languages,3,,,This course is not eligible for Credit/D/Fail grading.
CPSC,513,Introduction to Formal Verification and Analysis,3,,,This course is not eligible for Credit/D/Fail grading.
CPSC,514,Computer Graphics: Rendering,3,,,This course is not eligible for Credit/D/Fail grading.
CPSC,515,Computational Robotics,3,,,This course is not eligible for Credit/D/Fail grading.
CPSC,516,Computational Geometry,3,,,This course is not eligible for Credit/D/Fail grading.
CPSC,517,Sparse Matrix Computation,3,,,This course is not eligible for Credit/D/Fail grading.
CPSC,519,Logic Programming and Functional Programming,3,,,This course is not eligible for Credit/D/Fail grading.
CPSC,520,Numerical Solution of Differential Equations,3,,,This course is not eligible for Credit/D/Fail grading.
CPSC,521,Parallel Algorithms and Architectures,3,,,This course is not eligible for Credit/D/Fail grading.
CPSC,522,Artificial Intelligence II,3,,,This course is not eligible for Credit/D/Fail grading.
CPSC,524,Computer Graphics: Modelling,3,,,This course is not eligible for Credit/D/Fail grading.
CPSC,525,Image Understanding II: Scene Analysis,3,,,This course is not eligible for Credit/D/Fail grading.
CPSC,526,Computer Animation,3,,,This course is not eligible for Credit/D/Fail grading.
CPSC,527,Computer Communication Protocols,3,,,This course is not eligible for Credit/D/Fail grading.
CPSC,529,Definition of Programming Languages,3,,,This course is not eligible for Credit/D/Fail grading.
CPSC,540,Machine Learning,3,,,This course is not eligible for Credit/D/Fail grading.
CPSC,543,Physical User Interface Design and Evaluation,3,,,This course is not eligible for Credit/D/Fail grading.
CPSC,544,Human Computer Interaction,3,,,This course is not eligible for Credit/D/Fail grading.
CPSC,545,Algorithms for Bioinformatics,3,,,This course is not eligible for Credit/D/Fail grading.
CPSC,546,Numerical Optimization,3,,,This course is not eligible for Credit/D/Fail grading.
CPSC,547,Information Visualization,3,,,This course is not eligible for Credit/D/Fail grading.
CPSC,548,Directed Study,3,,,This course is not eligible for Credit/D/Fail grading.
CPSC,550,Machine Learning II,3,,,This course is not eligible for Credit/D/Fail grading.
CPSC,564,Data Mining,3,,,This course is not eligible for Credit/D/Fail grading.
CPSC,589,M.Sc. Major Essay,3,,,This course is not eligible for Credit/D/Fail grading.
CPSC,590,Research Methods in Computer Science,3,,,This course is not eligible for Credit/D/Fail grading.
CPSC,649,Doctoral Dissertation,0,,,This course is not eligible for Credit/D/Fail grading.
MATH,100,Differential Calculus with Applications,3,A score of 80% or higher in BC Pre-calculus 12. High school calculus is strongly recommended.,,"Derivatives of elementary functions. Applications and modelling: graphing, optimization. Consult the Faculty of Science Credit Exclusion List: https://vancouver.calendar.ubc.ca/faculties-colleges-and-schools/facult… [3-0-0] Prerequisite: A score of 80% or higher in BC Pre-calculus 12. High school calculus is strongly recommended."
MATH,101,Integral Calculus with Applications,3,"One of MATH 100, MATH 102, MATH 104, MATH 110, MATH 120, MATH 180, MATH 184.",,"The definite integral, integration techniques, applications, modelling, infinite series. Please consult the Faculty of Science Credit Exclusion List: https://vancouver.calendar.ubc.ca/faculties-colleges-and-schools/facult… [3-0-0] Prerequisite: One of MATH 100, MATH 102, MATH 104, MATH 110, MATH 120, MATH 180, MATH 184."
MATH,102,Differential Calculus with Applications to Life Sciences,3,High-school calculus and a score of 80% or higher in BC Principles of Mathematics 12 or Pre-calculus 12.,,"Functions, derivatives, optimization, growth and decay, discrete probability. Please consult the Faculty of Science Credit Exclusion List: https://vancouver.calendar.ubc.ca/faculties-colleges-and-schools/facult… [3-0-0] Prerequisite: High-school calculus and a score of 80% or higher in BC Principles of Mathematics 12 or Pre-calculus 12."
MATH,103,Integral Calculus with Applications to Life Sciences,3,"One of MATH 100, MATH 102, MATH 104, MATH 110, MATH 120, MATH 180, MATH 184.",,"Antiderivatives and definite integrals, infinite series, applications to probability and dynamical systems. Please consult the Faculty of Science Credit Exclusion List: https://vancouver.calendar.ubc.ca/faculties-colleges-and-schools/facult… [3-0-0] Prerequisite: One of MATH 100, MATH 102, MATH 104, MATH 110, MATH 120, MATH 180, MATH 184."
MATH,104,Differential Calculus with Applications to Commerce and Social Sciences,3,High-school calculus and a score of 80% or higher in BC Principles of Mathematics 12 or Pre-calculus 12.,,"Derivatives and rates of change, exponential and trigonometric functions, Newton's method, Taylor polynomials, maxima and minima, and graphing. Please consult the Faculty of Science Credit Exclusion List: https://vancouver.calendar.ubc.ca/faculties-colleges-and-schools/facult…. [3-0-0] Prerequisite: High-school calculus and a score of 80% or higher in BC Principles of Mathematics 12 or Pre-calculus 12."
MATH,105,Integral Calculus with Applications to Commerce and Social Sciences,3,"One of MATH 100, MATH 102, MATH 104, MATH 110, MATH 120, MATH 180, MATH 184.",,"Antiderivatives, the definite integral, techniques of integration, infinite series, partial derivatives, maxima and minima with constraints, discrete and continuous random variables. Please consult the Faculty of Science Credit Exclusion List: https://vancouver.calendar.ubc.ca/faculties-colleges-and-schools/facult…. [3-0-0] Prerequisite: One of MATH 100, MATH 102, MATH 104, MATH 110, MATH 120, MATH 180, MATH 184."
MATH,110,Differential Calculus,6,A grade of 65% or higher in BC Principles of Mathematics 12 or Pre-calculus 12.,,"Topics as for MATH 100, but including relevant topics from algebra, geometry, functions, trigonometry, logarithms, and exponentials. [3-0-1.5; 3-0-1.5] Prerequisite: A grade of 65% or higher in BC Principles of Mathematics 12 or Pre-calculus 12."
MATH,120,Honours Differential Calculus,4,High-school calculus and one of (a) a score of 95% or higher in BC Principles of Mathematics 12 or Pre-calculus 12; or (b) permission from the Mathematics Department Head.,,"Limits, derivatives, Mean Value Theorem and applications, elementary functions, optimization, Taylor series, approximation. Please consult the Faculty of Science Credit Exclusion List: https://vancouver.calendar.ubc.ca/faculties-colleges-and-schools/facult… [4-0-0] Prerequisite: High-school calculus and one of (a) a score of 95% or higher in BC Principles of Mathematics 12 or Pre-calculus 12; or (b) permission from the Mathematics Department Head."
MATH,121,Honours Integral Calculus,4,"Either(a) MATH 120 or (b) one of MATH 100, MATH 102, MATH 104, MATH 180, MATH 184. Prerequisite grade requirement: 80% in MATH184,MATH180,MATH104,MATH102,MATH100. 68% in MATH120. or (c) a score of 5 in AP Calculus AB.",,"Definite integrals and the Fundamental Theorem of Calculus, techniques and applications of integration, infinite series. Please consult the Faculty of Science Credit Exclusion List: https://vancouver.calendar.ubc.ca/faculties-colleges-and-schools/facult… [4-0-0] Prerequisite: Either(a) MATH 120 or (b) one of MATH 100, MATH 102, MATH 104, MATH 180, MATH 184. Prerequisite grade requirement: 80% in MATH184,MATH180,MATH104,MATH102,MATH100. 68% in MATH120. or (c) a score of 5 in AP Calculus AB."
MATH,152,Linear Systems,3,,MATH 101.,"2D and 3D geometry, vectors and matrices, eigenvalues and vibration, physical applications. Laboratories demonstrate computer solutions of large systems. Please consult the Faculty of Science Credit Exclusion List: https://vancouver.calendar.ubc.ca/faculties-colleges-and-schools/facult… [3-1*-0] Corequisite: MATH 101."
MATH,180,Differential Calculus with Applications,4,A grade of 80% or higher in BC Principles of Mathematics 12 or Pre-calculus 12.,,"Topics as for Math 100; intended for students with no previous knowledge of Calculus. Please consult the Faculty of Science Credit Exclusion List: https://vancouver.calendar.ubc.ca/faculties-colleges-and-schools/facult…. Not for credit for students with AP Calculus AB, AP Calculus BC, or a passing score on the UBC-SFU-UVIC-UNBC Calculus Challenge Examination. [3-0-1.5] Prerequisite: A grade of 80% or higher in BC Principles of Mathematics 12 or Pre-calculus 12."
MATH,184,Differential Calculus for Social Science and Commerce,4,A grade of 80% or higher in BC Principles of Mathematics 12 or Pre-calculus 12.,,"Topics as for Math 104; intended for students with no previous knowledge of Calculus. Please consult the Faculty of Science Credit Exclusion List: https://vancouver.calendar.ubc.ca/faculties-colleges-and-schools/facult…. Not for credit for students with AP Calculus AB, AP Calculus BC, or a passing score on the UBC-SFU-UVIC-UNBC Calculus Challenge Examination. [3-0-1.5] Prerequisite: A grade of 80% or higher in BC Principles of Mathematics 12 or Pre-calculus 12."
MATH,190,Calculus Survey,4,Principles of Mathematics 12 or Pre-calculus 12 and registration in the B.S.F. or B.Sc.N. programs.,,"Functions, derivatives, integrals, curve sketching growth functions, volume calculations. Only for credit in the Faculty of Forestry. Students with credit for MATH 100, 102, 104, 120, 180, or 184 cannot in the same term or later terms obtain credit for MATH 190. [3-0-2] Prerequisite: Principles of Mathematics 12 or Pre-calculus 12 and registration in the B.S.F. or B.Sc.N. programs."
MATH,200,Calculus III,3,"One of MATH 101, MATH 103, MATH 105, MATH 121, SCIE 001.",,"Analytic geometry in 2 and 3 dimensions, partial and directional derivatives, chain rule, maxima and minima, second derivative test, Lagrange multipliers, multiple integrals with applications. Please consult the Faculty of Science Credit Exclusion List: https://vancouver.calendar.ubc.ca/faculties-colleges-and-schools/facult…. [3-0-0] Prerequisite: One of MATH 101, MATH 103, MATH 105, MATH 121, SCIE 001."
MATH,210,Introduction to Mathematical Computing,3,"One of MATH 101, MATH 103, MATH 105, MATH 121, SCIE 001.","One of MATH 215, MATH 255, MATH 256, MATH 258 and one of MATH 152, MATH 221, MATH 223.","Introduction to mathematical software and numerical methods. Numbers, arrays, functions, vectorization and iteration. Sequences and series, root finding, numerical integration, numerical methods for differential equations, systems of linear equations, mathematical graphics. [3-0-0] Prerequisite: One of MATH 101, MATH 103, MATH 105, MATH 121, SCIE 001. Corequisite: One of MATH 215, MATH 255, MATH 256, MATH 258 and one of MATH 152, MATH 221, MATH 223."
MATH,215,Elementary Differential Equations I,3,"One of MATH 101, MATH 103, MATH 105, MATH 121, SCIE 001 and one of MATH 152, MATH 221, MATH 223.","One of MATH 200, MATH 217, MATH 226, MATH 253, MATH 254.","First-order equations; linear equations; linear systems; Laplace transforms; numerical methods; trajectory analysis of plane nonlinear systems. Applications of these topics will be emphasized. Please consult the Faculty of Science Credit Exclusion List: https://vancouver.calendar.ubc.ca/faculties-colleges-and-schools/facult…. [3-0-0] Prerequisite: One of MATH 101, MATH 103, MATH 105, MATH 121, SCIE 001 and one of MATH 152, MATH 221, MATH 223. Corequisite: One of MATH 200, MATH 217, MATH 226, MATH 253, MATH 254."
MATH,217,Multivariable and Vector Calculus,4,"A score of 68% or higher in one of PHYS 102, PHYS 108, PHYS 118, PHYS 153, PHYS 158, SCIE 001 and a score of 68% or higher in one of MATH 101, MATH 103, MATH 105, MATH 121, SCIE 001.","One of MATH 152, MATH 221, MATH 223.","Partial differentiation, extreme values, multiple integration, vector fields, line and surface integrals, the divergence theorem, Green's and Stokes' theorems. Intended for students in Honours Physics and Engineering Physics. Please consult the Faculty of Science Credit Exclusion List: https://vancouver.calendar.ubc.ca/faculties-colleges-and-schools/facult… [4-0-0] Prerequisite: A score of 68% or higher in one of PHYS 102, PHYS 108, PHYS 118, PHYS 153, PHYS 158, SCIE 001 and a score of 68% or higher in one of MATH 101, MATH 103, MATH 105, MATH 121, SCIE 001. Corequisite: One of MATH 152, MATH 221, MATH 223."
MATH,220,Mathematical Proof,3,"Either (a) a score of 64% or higher in one of MATH 101, MATH 103, MATH 105, SCIE 001 or (b) one of MATH 121, MATH 200, MATH 217, MATH 226, MATH 253, MATH 254.",,"Sets and functions; induction; cardinality; properties of the real numbers; sequences, series, and limits. Logic, structure, style, and clarity of proofs emphasized throughout. [3-0-0] Prerequisite: Either (a) a score of 64% or higher in one of MATH 101, MATH 103, MATH 105, SCIE 001 or (b) one of MATH 121, MATH 200, MATH 217, MATH 226, MATH 253, MATH 254."
MATH,221,Matrix Algebra,3,"Either (a) one of MATH 100, MATH 102, MATH 104, MATH 110, MATH 120, MATH 180, MATH 184, SCIE 001 or (b) advanced credit for MATH 100.",,"Systems of linear equations, operations on matrices, determinants, eigenvalues and eigenvectors, diagonalization of symmetric matrices. This course is intended for first and second year students. Please consult the Faculty of Science Credit Exclusion List: https://vancouver.calendar.ubc.ca/faculties-colleges-and-schools/facult… [3-0-0] Prerequisite: Either (a) one of MATH 100, MATH 102, MATH 104, MATH 110, MATH 120, MATH 180, MATH 184, SCIE 001 or (b) advanced credit for MATH 100."
MATH,223,Honours Linear Algebra,3,"Either (a) one of MATH 120, MATH 121, SCIE 001 or (b) a score of 80% or higher in one of MATH 100, MATH 102, MATH 104, MATH 110, MATH 180, MATH 184 or (c) a score of 68% or higher in one of MATH 101, MATH 103, MATH 105, MATH 152, MATH 221.",,"Matrices, eigenvectors, diagonalization, orthogonality, linear systems, applications. This course is intended for first and second-year students. Students who obtain credit for MATH 223 cannot in the same or later terms obtain credit for MATH 152 or MATH 221. [3-0-0] Prerequisite: Either (a) one of MATH 120, MATH 121, SCIE 001 or (b) a score of 80% or higher in one of MATH 100, MATH 102, MATH 104, MATH 110, MATH 180, MATH 184 or (c) a score of 68% or higher in one of MATH 101, MATH 103, MATH 105, MATH 152, MATH 221."
MATH,226,Advanced Calculus I,3,"Either (a) a score of 68% or higher in MATH 121 or (b) a score of 80% or higher in one of MATH 101, MATH 103, MATH 105, SCIE 001.","One of MATH 152, MATH 221, MATH 223.","Functions of several variables: limits, continuity, differentiability; implicit functions; Taylor's theorem; extrema; Lagrange multipliers; multiple integration, Fubini's theorem; improper integrals. Please consult the Faculty of Science Credit Exclusion List: https://vancouver.calendar.ubc.ca/faculties-colleges-and-schools/facult… [3-0-0] Prerequisite: Either (a) a score of 68% or higher in MATH 121 or (b) a score of 80% or higher in one of MATH 101, MATH 103, MATH 105, SCIE 001. Corequisite: One of MATH 152, MATH 221, MATH 223."
MATH,227,Advanced Calculus II,3,MATH 226. Prerequisite grade requirement: 68% in MATH226.,,"Parametrization of curves and surfaces; line and surface integrals; theorems of Green, Gauss, Stokes; applications to physics and/or introduction to differential forms. Please consult the Faculty of Science Credit Exclusion List: https://vancouver.calendar.ubc.ca/faculties-colleges-and-schools/facult… [3-0-0] Prerequisite: MATH 226. Prerequisite grade requirement: 68% in MATH226."
MATH,230,Marvels of Mathematics,3,,,"A variety of topics in mathematics, showcasing its beauty and utility. Intended for a general audience of students whose degrees have no mathematics requirements, but who may be curious about practical and recreational mathematics. Not for credit in the Faculty of Science. Students who obtain UBC credit for any other mathematics course cannot in the same or later years obtain credit for MATH 230. [3-0-0]"
MATH,253,Multivariable Calculus,3,"One of MATH 101, MATH 103, MATH 105, MATH 121, SCIE 001.",,"Partial and directional derivatives; maxima and minima; Lagrange multipliers and second derivative test; multiple integrals and applications. Please consult the Faculty of Science Credit Exclusion List: https://vancouver.calendar.ubc.ca/faculties-colleges-and-schools/facult… [3-0-0] Prerequisite: One of MATH 101, MATH 103, MATH 105, MATH 121, SCIE 001."
MATH,254,Multivariable and Vector Calculus for Mechanical Engineering,3,"MATH 101 and one of MATH 152, MATH 221, MATH 223.","All of MECH 222, MECH 225.","Partial differentiation, extreme values, multiple integration, vector fields, line and surface integrals, the divergence and Stokes' theorems; applications to fluid mechanics: buoyancy, hydrostatic force, pipe flow, drag; applications to thermodynamics: work, entropy, heat transfer; numerical methods. Emphasis on mechanical engineering applications. [3-0-1*] Prerequisite: MATH 101 and one of MATH 152, MATH 221, MATH 223. Corequisite: All of MECH 222, MECH 225."
MATH,255,Ordinary Differential Equations,3,"One of MATH 101, MATH 103, MATH 105, MATH 121, SCIE 001 and one of MATH 152, MATH 221, MATH 223.","One of MATH 200, MATH 217, MATH 226, MATH 253, MATH 254.","Review of linear systems; nonlinear equations and applications; phase plane analysis; Laplace transforms; numerical methods. Please consult the Faculty of Science Credit Exclusion List: https://vancouver.calendar.ubc.ca/faculties-colleges-and-schools/facult… [3-0-0] Prerequisite: One of MATH 101, MATH 103, MATH 105, MATH 121, SCIE 001 and one of MATH 152, MATH 221, MATH 223. Corequisite: One of MATH 200, MATH 217, MATH 226, MATH 253, MATH 254."
MATH,256,Differential Equations,3,"One of MATH 101, MATH 103, MATH 105, MATH 121, SCIE 001 and one of MATH 152, MATH 221, MATH 223.","One of MATH 200, MATH 217, MATH 226, MATH 253, MATH 263.","Linear ordinary differential equations, Laplace transforms, Fourier series and separation of variables for linear partial differential equations. Consult the Faculty of Science Credit Exclusion List: https://vancouver.calendar.ubc.ca/faculties-colleges-and-schools/facult…. [3-0-0] Prerequisite: One of MATH 101, MATH 103, MATH 105, MATH 121, SCIE 001 and one of MATH 152, MATH 221, MATH 223. Corequisite: One of MATH 200, MATH 217, MATH 226, MATH 253, MATH 263."
MATH,257,Partial Differential Equations,3,"One of MATH 215, MATH 255, MATH 256, MATH 258.",,"Introduction to partial differential equations; Fourier series; the heat, wave and potential equations; boundary-value problems; numerical methods. Please consult the Faculty of Science Credit Exclusion List: https://vancouver.calendar.ubc.ca/faculties-colleges-and-schools/facult… [3-0-0] Prerequisite: One of MATH 215, MATH 255, MATH 256, MATH 258."
MATH,258,Differential Equations for Mechanical Engineering,3,"MATH 101 and one of MATH 152, MATH 221, MATH 223.","All of MECH 221, MECH 224.","First-order equations; linear equations; linear systems; Laplace transforms; trajectory analysis of plane nonlinear systems; translational and rotational vibrations; applications to RLC circuit analysis; numerical and graphical methods. Emphasis on mechanical engineering applications. [3-0-1*] Prerequisite: MATH 101 and one of MATH 152, MATH 221, MATH 223. Corequisite: All of MECH 221, MECH 224."
MATH,264,Vector Calculus for Electrical Engineering,1,"One of MATH 200, MATH 217, MATH 226, MATH 253, MATH 254.","One of BMEG 220, ELEC 211. This course is not eligible for Credit/D/Fail grading.","Divergence, gradient, curl, theorems of Gauss and Stokes. Applications to Electrostatics and Magnetostatics. MATH 264 content is strongly coupled to BMEG 220 and ELEC 211 with topics and student evaluations weighted accordingly. Prerequisite: One of MATH 200, MATH 217, MATH 226, MATH 253, MATH 254. Corequisite: One of BMEG 220, ELEC 211. This course is not eligible for Credit/D/Fail grading."
MATH,300,Introduction to Complex Variables,3,,"One of MATH 217, MATH 227, MATH 254, MATH 317.","Functions of a complex variable, Cauchy-Riemann equations, elementary functions, Cauchy's theorem and contour integration, Laurent series, poles and residues. Please consult the Faculty of Science Credit Exclusion List: https://vancouver.calendar.ubc.ca/faculties-colleges-and-schools/facult… [3-0-0] Corequisite: One of MATH 217, MATH 227, MATH 254, MATH 317."
MATH,301,Applied Analysis,3,"One of MATH 300, MATH 305.","One of MATH 256, MATH 257, MATH 316, MATH 358, MECH 358, PHYS 312.","Integrals involving multi-valued functions, conformal mapping and applications, analytic continuation, Laplace and Fourier transforms. [3-0-0] Prerequisite: One of MATH 300, MATH 305. Corequisite: One of MATH 256, MATH 257, MATH 316, MATH 358, MECH 358, PHYS 312."
MATH,302,Introduction to Probability,3,"One of MATH 200, MATH 217, MATH 226, MATH 253, MATH 254. Equivalency: STAT302",,"Basic notions of probability, random variables, expectation and conditional expectation, limit theorems. Please consult the Faculty of Science Credit Exclusion List: https://vancouver.calendar.ubc.ca/faculties-colleges-and-schools/facult… [3-0-0] Prerequisite: One of MATH 200, MATH 217, MATH 226, MATH 253, MATH 254. Equivalency: STAT302"
MATH,303,Introduction to Stochastic Processes,3,"One of MATH 302, STAT 302.",,"Discrete-time Markov chains, Poisson processes, continuous time Markov chains, renewal theory. Please consult the Faculty of Science Credit Exclusion List: https://vancouver.calendar.ubc.ca/faculties-colleges-and-schools/facult… [3-0-0] Prerequisite: One of MATH 302, STAT 302."
MATH,305,Applied Complex Analysis,3,"One of MATH 200, MATH 217, MATH 226, MATH 253, MATH 254.","One of MATH 256, MATH 257, MATH 316, MATH 358, MECH 358, PHYS 312.","Functions of a complex variable, Cauchy-Riemann equations, contour integration, Laurent series, residues, integrals of multi-valued functions, Fourier transforms. Please consult the Faculty of Science Credit Exclusion List: https://vancouver.calendar.ubc.ca/faculties-colleges-and-schools/facult… [3-0-0] Prerequisite: One of MATH 200, MATH 217, MATH 226, MATH 253, MATH 254. Corequisite: One of MATH 256, MATH 257, MATH 316, MATH 358, MECH 358, PHYS 312."
MATH,307,Applied Linear Algebra,3,"One of MATH 152, MATH 221, MATH 223 and one of MATH 200, MATH 217, MATH 226, MATH 253, MATH 254.",,"Applications of linear algebra to problems in science and engineering; use of computer algebra systems for solving problems in linear algebra. [3-0-0] Prerequisite: One of MATH 152, MATH 221, MATH 223 and one of MATH 200, MATH 217, MATH 226, MATH 253, MATH 254."
MATH,308,Euclidean Geometry,3,"Either (a) one of MATH 152, MATH 221 and one of MATH 220, MATH 226, CPSC 121; or (b) MATH 223.",,"Classical plane geometry, solid geometry, spherical trigonometry, polyhedra, linear and affine transformations. Linear algebra proofs are used. It is suggested that MATH 307 be taken concurrently. [3-0-0] Prerequisite: Either (a) one of MATH 152, MATH 221 and one of MATH 220, MATH 226, CPSC 121; or (b) MATH 223."
MATH,309,Topics in Geometry,3,"Either (a) one of MATH 152, MATH 221 and one of MATH 220, MATH 226, CPSC 121; or (b) MATH 223.",,"Topics chosen by the instructor. These may include conic sections, projective configuration, convexity, non-Euclidean geometries, fractal geometry, combinatorial problems of points in the plane. [3-0-0] Prerequisite: Either (a) one of MATH 152, MATH 221 and one of MATH 220, MATH 226, CPSC 121; or (b) MATH 223."
MATH,310,Abstract Linear Algebra,3,"One of MATH 152, MATH 221 and one of MATH 220, MATH 226, CPSC 121.",,"Linear spaces, duality, linear mappings, matrices, determinant and trace, spectral theory, Euclidean structure. Consult the Faculty of Science Credit Exclusion List: https://vancouver.calendar.ubc.ca/faculties-colleges-and-schools/facult… [3-0-0] Prerequisite: One of MATH 152, MATH 221 and one of MATH 220, MATH 226, CPSC 121."
MATH,312,Introduction to Number Theory,3,"One of MATH 220, MATH 223, MATH 226, CPSC 121. and 9 additional credits of mathematics courses.",,"Euclidean algorithm, congruences, Fermat's theorem, applications. Some diophantine equations. Distribution of the prime numbers. Please consult the Faculty of Science Credit Exclusion List: https://vancouver.calendar.ubc.ca/faculties-colleges-and-schools/facult… Prerequisite: One of MATH 220, MATH 223, MATH 226, CPSC 121. and 9 additional credits of mathematics courses."
MATH,313,Topics in Number Theory,3,MATH 312.,,"Topics chosen by the instructor. These might include: division algorithms, group theory, continued fractions, primality testing, factoring. Please consult the Faculty of Science Credit Exclusion List: https://vancouver.calendar.ubc.ca/faculties-colleges-and-schools/facult…. [3-0-0] Prerequisite: MATH 312."
MATH,316,Elementary Differential Equations II,3,"One of MATH 215, MATH 255, MATH 256, MATH 258.",,"Power series methods (ordinary and regular singular points, Bessel's equation); boundary value problems and separation of variables (Fourier series and other orthogonal series), applications to the vibrating string, heat flow, potentials. Please consult the Faculty of Science Credit Exclusion List: https://vancouver.calendar.ubc.ca/faculties-colleges-and-schools/facult… [3-0-0] Prerequisite: One of MATH 215, MATH 255, MATH 256, MATH 258."
MATH,317,Calculus IV,3,"One of MATH 200, MATH 226, MATH 253. One of MATH 152, MATH 221, MATH 223 is recommended.",,"Parametrizations, inverse and implicit functions, integrals with respect to length and area; grad, div, and curl, theorems of Green, Gauss, and Stokes. Please consult the Faculty of Science Credit Exclusion List: https://vancouver.calendar.ubc.ca/faculties-colleges-and-schools/facult… [3-0-0] Prerequisite: One of MATH 200, MATH 226, MATH 253. One of MATH 152, MATH 221, MATH 223 is recommended."
MATH,318,Probability with Physical Applications,3,"One of MATH 152, MATH 221, MATH 223.","One of MATH 256, MATH 257, MATH 316, MATH 358, MECH 358, PHYS 312.","Random variables, discrete and continuous distributions. Random walk, Markov chains, Monte Carlo methods. Characteristic functions, limit laws. Please consult the Faculty of Science Credit Exclusion List: https://vancouver.calendar.ubc.ca/faculties-colleges-and-schools/facult… [3-0-0] Prerequisite: One of MATH 152, MATH 221, MATH 223. Corequisite: One of MATH 256, MATH 257, MATH 316, MATH 358, MECH 358, PHYS 312."
MATH,319,Introduction to Real Analysis,3,"Either (a) a score of 68% or higher in MATH 220 or (b) a score of 55% or higher in one of MATH 223, MATH 226.",,"Ideas and methods of real analysis and their application. Countability and topology of the reals; convergence, continuity and differentiability of functions; metric spaces. Please consult the Faculty of Science credit exclusion list: https://vancouver.calendar.ubc.ca/faculties-colleges-and-schools/facult… [3-0-0] Prerequisite: Either (a) a score of 68% or higher in MATH 220 or (b) a score of 55% or higher in one of MATH 223, MATH 226."
MATH,320,Real Variables I,3,"Either (a) a score of 68% or higher in MATH 226 or (b) one of MATH 200, MATH 217, MATH 226, MATH 253, MATH 254 and a score of 80% or higher in MATH 220.",,"The real number system; real Euclidean n-space; open, closed, compact, and connected sets; Bolzano-Weierstrass theorem; sequences and series. Continuity and uniform continuity. Differentiability and mean-value theorems. [3-0-0] Prerequisite: Either (a) a score of 68% or higher in MATH 226 or (b) one of MATH 200, MATH 217, MATH 226, MATH 253, MATH 254 and a score of 80% or higher in MATH 220."
MATH,321,Real Variables II,3,MATH 320.,,"The Riemann or Riemann-Stieltjes integrals. Sequences and series of functions, uniform convergence. Approximation of continuous functions by polynomials. Fourier series. Functions from Rm to Rn , inverse and implicit function theorems. [3-0-0] Prerequisite: MATH 320."
MATH,322,Introduction to Group Theory,3,"Either (a) a score of 68% or higher in one of MATH 223, MATH 310 or (b) one of MATH 152, MATH 221, MATH 223 and a score of 80% or higher in MATH 220.",,"Groups, cosets, homomorphisms, group actions, p-groups, Sylow theorems, composition series, finitely generated Abelian groups. [3-0-0] Prerequisite: Either (a) a score of 68% or higher in one of MATH 223, MATH 310 or (b) one of MATH 152, MATH 221, MATH 223 and a score of 80% or higher in MATH 220."
MATH,323,Introduction to Rings and Modules,3,MATH 322.,,"Rings, ideals, unique factorization, Euclidean rings, fields, polynomial rings, modules; structure theory of modules over a principal ideal domain. [3-0-0] Prerequisite: MATH 322."
MATH,335,Introduction to Mathematics,4,,,"Intensive course with required tutorial. Combinatorics, probability, geometry and elementary number theory. Not for credit in the Faculty of Science. Students who obtain credit at UBC for any other mathematics course cannot in the same or later years obtain credit for MATH 335. Please consult the Faculty of Science Credit Exclusion List: https://vancouver.calendar.ubc.ca/faculties-colleges-and-schools/facult… [3-0-2]"
MATH,340,Introduction to Linear Programming,3,"One of MATH 152, MATH 221, MATH 223.",,"Linear programming problems, dual problems, the simplex algorithm, solution of primal and dual problems, sensitivity analysis. Additional topics chosen from: Karmarkar's algorithm, non-linear programming, game theory, applications. [3-0-0] Prerequisite: One of MATH 152, MATH 221, MATH 223."
MATH,341,Introduction to Discrete Mathematics,3,"One of MATH 220, MATH 223, MATH 226, CPSC 121.",,"Introduction to ideas and methods of discrete mathematics and their application. [3-0-0] Prerequisite: One of MATH 220, MATH 223, MATH 226, CPSC 121."
MATH,342,Algebra and Coding Theory,3,"Either (a) one of MATH 152, MATH 221 and one of MATH 220, MATH 226, CPSC 121; or (b) MATH 223.",,"Error-correcting codes via abstract and linear algebra. Emphasis on proofs and computation. Finite fields, Hamming distance and error-correction, upper and lower bounds on the size of a code, linear codes, groups and cosets, encoding and decoding schemes. [3-0-0] Prerequisite: Either (a) one of MATH 152, MATH 221 and one of MATH 220, MATH 226, CPSC 121; or (b) MATH 223."
MATH,344,Mathematical Game Theory,3,"Either (a) one of MATH 152, MATH 221 and one of MATH 220, MATH 226, CPSC 121; or (b) MATH 223.",,"Introduction to mathematical game theory and its applications. [3-0-0] Prerequisite: Either (a) one of MATH 152, MATH 221 and one of MATH 220, MATH 226, CPSC 121; or (b) MATH 223."
MATH,345,Applied Nonlinear Dynamics and Chaos,3,"A score of 68% or higher in one of MATH 215, MATH 255, MATH 256, MATH 258.",,"Phase plane methods, bifurcation and stability theory, limit-cycle behavior and chaos for nonlinear differential equations with applications to the sciences. Assignments involve the use of computers. [3-1-0] Prerequisite: A score of 68% or higher in one of MATH 215, MATH 255, MATH 256, MATH 258."
MATH,358,Engineering Analysis,3,"All of MECH 224, MECH 225. Equivalency: MECH358",,"Fourier series; auto- and cross-correlation; power spectra; discrete Fourier transform; boundary-value problems; numerical methods; partial differential equations; heat, wave, Laplace, Poisson, and wave equations. Applications to mechanical engineering and practical computing applications emphasized. Credit will be granted for only one of MECH 358 or MATH 358. [3-2*-0] Prerequisite: All of MECH 224, MECH 225. Equivalency: MECH358"
MATH,360,Introduction to Mathematical Modelling,3,"One of MATH 200, MATH 217, MATH 226, MATH 253, MATH 254 and one of MATH 210, CPSC 203, CPSC 210 and one of MATH 215, MATH 255, MATH 256, MATH 258.",,"Construction and evaluation of deterministic, stochastic, and data-driven models. Software-assisted simulations and numerical solutions involving ordinary differential equations, stochastic processes, and basic machine learning algorithms. Examples from science, engineering, and economics. [3-0-0] Prerequisite: One of MATH 200, MATH 217, MATH 226, MATH 253, MATH 254 and one of MATH 210, CPSC 203, CPSC 210 and one of MATH 215, MATH 255, MATH 256, MATH 258."
MATH,361,Introduction to Mathematical Biology,3,"One of BIOL 301, MATH 215, MATH 255, MATH 256, MATH 258.",,"Mathematical modelling of basic biological processes in ecology, physiology, neuroscience and genetics. Dynamic behavior of difference equations, differential equations, and partial differential equations, explained with reference to concrete biological examples. [3-0-0] Prerequisite: One of BIOL 301, MATH 215, MATH 255, MATH 256, MATH 258."
MATH,398,Co-operative Work Placement I,3,,,Approved and supervised technical work experience involving mathematics in industry for a minimum of 3.5 months. Technical report required. Restricted to students admitted to the Mathematics Co-operative Education Program. This course is not eligible for Credit/D/Fail grading.
MATH,399,Co-operative Work Placement II,3,MATH 398. This course is not eligible for Credit/D/Fail grading.,,Approved and supervised technical work experience involving mathematics in industry for a minimum of 3.5 months. Technical report required. Restricted to students admitted to the Mathematics Co-operative Education Program. Prerequisite: MATH 398. This course is not eligible for Credit/D/Fail grading.
MATH,400,Applied Partial Differential Equations,3,"One of MATH 300, MATH 305 and one of MATH 256, MATH 257, MATH 316, MATH 358, MECH 358, PHYS 312.",,"Separation of variables, first order equations, Sturm-Liouville theory, integral transform methods. [3-0-0] Prerequisite: One of MATH 300, MATH 305 and one of MATH 256, MATH 257, MATH 316, MATH 358, MECH 358, PHYS 312."
MATH,401,Green's Functions and Variational Methods,3,"Either (a) a score of 80% or higher in one of MATH 256, MATH 257, MATH 316, MATH 358, MECH 358, PHYS 312 or (b) MATH 400.",,"Green's functions for partial differential equations. Calculus of variations. Eigenfunction expansions. Rayleigh-Ritz and finite element methods. See Faculty of Science credit exclusion list: https://vancouver.calendar.ubc.ca/faculties-colleges-and-schools/facult… [3-0-0] Prerequisite: Either (a) a score of 80% or higher in one of MATH 256, MATH 257, MATH 316, MATH 358, MECH 358, PHYS 312 or (b) MATH 400."
MATH,402,Calculus of Variations,3,,,"Classical variational problems; necessary conditions of Euler, Weierstrass, Legendre, and Jacobi; Erdmann corner conditions, transversality, convex Lagrangians, fields of extremals, sufficient conditions for optimality, numerical methods; applications to classical mechanics, engineering and economics. Recommended pre-requisites: a score of 68% or higher in one of MATH 301, MATH 320, or, a score of 80% or higher in MATH 319. [3-0-0]"
MATH,403,Stabilization and Optimal Control of Dynamical Systems,3,,,"Dynamical systems; stability by Liapunov's direct method; controllability and eigenvalue assignment for autonomous linear systems; linear-quadratic regulator, time optimal control, Pontryagin maximum principle, dynamic programming; applications in engineering, economics and resource management. Recommended pre-requisites: MATH 402, and one of (a) a score of 68% or higher in one of MATH 301, MATH 320, or (b) a score of 80% or higher in MATH 319. [3-0-0]"
MATH,404,Harmonic Analysis I,3,MATH 300 and a score of 68% or higher in MATH 321.,MATH 420.,"Harmonic analysis on Euclidean spaces, with applications to number theory, partial differential equations and geometric measure theory. [3-0-0] Prerequisite: MATH 300 and a score of 68% or higher in MATH 321. Corequisite: MATH 420."
MATH,405,Numerical Methods for Differential Equations,3,"One of MATH 256, MATH 257, MATH 316, MATH 358, MECH 358, PHYS 312.",,"Interpolation, numerical integration, numerical solution of ordinary and partial differential equations. Practical computational methods emphasized and basic theory developed through simple models. See Faculty of Science credit exclusion list: https://vancouver.calendar.ubc.ca/faculties-colleges-and-schools/facult… [3-0-0] Prerequisite: One of MATH 256, MATH 257, MATH 316, MATH 358, MECH 358, PHYS 312."
MATH,406,Variational and Approximate Methods in Applied Mathematics,3,"One of MATH 307, CPSC 302 and either (a) a score of 80% or higher in one of MATH 256, MATH 257, MATH 316, MATH 358, MECH 358, PHYS 312 or (b) MATH 400.",,"Variational and Green's function methods for ordinary and partial differential equations, introduction to finite difference, finite element and boundary element methods. See Faculty of Science Credit exclusion list: https://vancouver.calendar.ubc.ca/faculties-colleges-and-schools/facult… [3-0-0] Prerequisite: One of MATH 307, CPSC 302 and either (a) a score of 80% or higher in one of MATH 256, MATH 257, MATH 316, MATH 358, MECH 358, PHYS 312 or (b) MATH 400."
MATH,412,Advanced Linear Algebra,3,A score of 68% or higher in MATH 322 and either (a) a score of 68% or higher in MATH 320 or (b) a score of 80% or higher in MATH 319.,,"Topics include decompositions of linear operators, multilinear algebra, bilinear forms, metric spaces. [3-0-0] Prerequisite: A score of 68% or higher in MATH 322 and either (a) a score of 68% or higher in MATH 320 or (b) a score of 80% or higher in MATH 319."
MATH,414,Mathematical Demonstrations,3,24 credits in MATH.,,Students will prepare material illustrating ideas and applications of mathematics and present it to audiences outside the University. Intended for third or fourth year Mathematics students and Math/Science Education students. [2-0-0; 1-0-0] or [3-0-0] Prerequisite: 24 credits in MATH.
MATH,418,Probability,3,MATH 321. Prerequisite grade requirement: 68% in MATH321.,,"Probability spaces, random variables, distributions, expectation, conditional probabilities, convergence of random variables, generating and characteristic functions, weak and strong laws of large numbers, central limit theorem. [3-0-0] Prerequisite: MATH 321. Prerequisite grade requirement: 68% in MATH321."
MATH,419,Stochastic Processes,3,MATH 418.,,"Random walks, Markov chains, branching processes, Poisson processes, continuous time Markov chains, martingales, Brownian motion. [3-0-0].Prerequisite: MATH 418."
MATH,420,Real Analysis I,3,MATH 321. Prerequisite grade requirement: 68% in MATH321.,,"Sigma-algebras, Lebesgue measure, Borel measures, measurable functions, integration, convergence theorems, Lp spaces, Holder and Minkowski inequalities, Lebesgue and/or Radon-Nikodym differentiation. [3-0-0] Prerequisite: MATH 321. Prerequisite grade requirement: 68% in MATH321."
MATH,421,Real Analysis II,3,MATH 420.,,"Banach spaces, linear operators, bounded and compact operators, strong, weak, and weak* topology. Hahn-Banach, open mapping, and closed graph theorems. Hilbert spaces, symmetric and self-adjoint operators, spectral theory for bounded operators. [3-0-0]. Prerequisite: MATH 420."
MATH,422,Fields and Galois Theory,3,MATH 323.,,"Field extensions, the Galois correspondence, finite fields, insolvability in radicals, ruler and compass constructions, additional topics chosen by instructor. [3-0-0] Prerequisite: MATH 323."
MATH,423,Commutative Algebra,3,"MATH 323 and a score of 68% or higher in one of MATH 412, MATH 422.",,"Commutative algebra; homological algebra or representation theory of finite groups. [3-0-0] Prerequisite: MATH 323 and a score of 68% or higher in one of MATH 412, MATH 422."
MATH,424,Classical Differential Geometry,3,"Either (a) a score of 68% or higher in MATH 223 or (b) a score of 80% or higher in one of MATH 152, MATH 221; and either (a) a score of 68% or higher in MATH 227 or (b) a score of 80% or higher in one of MATH 217, MATH 254, MATH 264, MATH 317.",,"The differential geometry of curves and surfaces in three-dimensional Euclidean space. Mean curvature and Gaussian curvature. Geodesics. Gauss's Theorema Egregium. [3-0-0] Prerequisite: Either (a) a score of 68% or higher in MATH 223 or (b) a score of 80% or higher in one of MATH 152, MATH 221; and either (a) a score of 68% or higher in MATH 227 or (b) a score of 80% or higher in one of MATH 217, MATH 254, MATH 264, MATH 317."
MATH,425,Introduction to Modern Differential Geometry,3,"One of MATH 221, MATH 223 and one of MATH 217, MATH 227, MATH 254, MATH 264, MATH 317 and one of MATH 319, MATH 320.",,"Smooth manifolds, smooth maps, immersions and submersions, vector fields, vector bundles, tangent and cotangent bundles, tensors and differential forms, orientation of manifolds, integration of forms, and selected topics. [3-0-0] Prerequisite: One of MATH 221, MATH 223 and one of MATH 217, MATH 227, MATH 254, MATH 264, MATH 317 and one of MATH 319, MATH 320."
MATH,426,Introduction to Topology,3,"All of MATH 321, MATH 322. Prerequisite grade requirement: 68% in MATH322,MATH321.",,"General topology, combinatorial topology, fundamental group and covering spaces, topics chosen by the instructor. [3-0-0] Prerequisite: All of MATH 321, MATH 322. Prerequisite grade requirement: 68% in MATH322,MATH321."
MATH,427,Topics in Topology,3,MATH 426.,,"Homology theory, homotopy theory, manifolds, and other topics chosen by the instructor. [3-0-0]. Prerequisite: MATH 426."
MATH,428,Mathematical Classical Mechanics I,3,"One of MATH 215, MATH 255, MATH 256, MATH 258 and one of PHYS 216, PHYS 306, ENPH 270.",MATH 320 (waived for students with a score of 80% or higher in MATH 319).,"Newton's equation, conservation laws, the Euler-Lagrange equation; Hamilton's principle of least action, Hamilton's equations, Lagrangian mechanics on manifolds. [3-0-0] Prerequisite: One of MATH 215, MATH 255, MATH 256, MATH 258 and one of PHYS 216, PHYS 306, ENPH 270. Corequisite: MATH 320 (waived for students with a score of 80% or higher in MATH 319)."
MATH,437,Number Theory,3,,"One of MATH 320 (waived for students with a score of 80% or higher in MATH 319), MATH 322.","Divisibility, congruences, Diophantine equations, arithmetic functions, quadratic reciprocity, advanced topics. Please consult the Faculty of Science Credit Exclusion List: https://vancouver.calendar.ubc.ca/faculties-colleges-and-schools/facult…. [3-0-0] Corequisite: One of MATH 320 (waived for students with a score of 80% or higher in MATH 319), MATH 322."
MATH,440,Complex Analysis,3,MATH 300 and either (a) a score of 68% or higher in MATH 320 or (b) a score of 80% or higher in MATH 319 and permission of the Department Head in Mathematics.,,"The residue theorem, the argument principle, conformal mapping, the maximum modulus principle, harmonic functions, representation of functions by integrals, series, and products. Other topics at the discretion of the instructor. [3-0-0] Prerequisite: MATH 300 and either (a) a score of 68% or higher in MATH 320 or (b) a score of 80% or higher in MATH 319 and permission of the Department Head in Mathematics."
MATH,441,Mathematical Modelling: Discrete Optimization Problems,3,MATH 340.,,"Formulation of real-world optimization problems using techniques such as linear programming, network flows, integer programming, dynamic programming. Solution by appropriate software. [3-0-0]. Prerequisite: MATH 340."
MATH,442,Graphs and Networks,3,"3rd year standing and one of MATH 220, MATH 223, MATH 226 or CPSC 221.",,"Graph theory, emphasizing trees, tree growing algorithms, and proof techniques. Other topics chosen from shortest paths, maximum flows, minimum cost flows, matchings, and graph colouring. [3-0-0] Prerequisite: 3rd year standing and one of MATH 220, MATH 223, MATH 226 or CPSC 221."
MATH,443,Graph Theory,3,"A score of 68% or higher in one of MATH 220, MATH 223, MATH 226, CPSC 121. And 6 credits of MATH numbered 300 or above.",,"Introductory course in mostly non-algorithmic topics including: planarity and Kuratowski's theorem, graph colouring, graph minors, random graphs, cycles in graphs, Ramsey theory, extremal graph theory. Proofs emphasized. Intended for Honours students. [3-0-0] Prerequisite: A score of 68% or higher in one of MATH 220, MATH 223, MATH 226, CPSC 121. And 6 credits of MATH numbered 300 or above."
MATH,444,Mathematical Research and Writing,3,"One of MATH 220, MATH 226. and 6 credits of MATH courses numbered 300 or higher.",,"Current research topics in pure and applied mathematics are explored at the undergraduate level. Technical communication and research skills are developed. [3-0-0] Prerequisite: One of MATH 220, MATH 226. and 6 credits of MATH courses numbered 300 or higher."
MATH,446,Topics in the History of Mathematics I,3,21 credits of MATH.,,"Historical development of concepts and techniques in areas chosen from Geometry, Number Theory, Algebra, Calculus, Probability, Analysis. The focus is on historically significant writings of important contributors and on famous problems of Mathematics. [3-0-0] Prerequisite: 21 credits of MATH."
MATH,448,Directed Studies in Mathematics,3,Third- or fourth-year standing and permission of the Department Head.,,Introduction to the methods of mathematical research through an exploration of a mathematical topic under the supervision of a faculty member. Written report required. [3-0-0] Prerequisite: Third- or fourth-year standing and permission of the Department Head.
MATH,450,Asymptotic and Perturbation Methods,3,MATH 400.,,Asymptotic expansions. Asymptotic evaluation of integrals; WKBJ methods. Regular and singular expansions. Boundary layer theory; matched asymptotic expansions. Multiple scale techniques. [3-0-0] Prerequisite: MATH 400.
MATH,461,Projects in Mathematical Modelling,3,"Either (a) MATH 360 or (b) one of MATH 210, CPSC 203, CPSC 210 and one of MATH 345, MATH 361.",,"Computational methods for mathematical modelling. Numerical methods for partial differential equations, stochastic processes, and data-driven models. Includes student-directed projects on current research and applications. [3-0-0] Prerequisite: Either (a) MATH 360 or (b) one of MATH 210, CPSC 203, CPSC 210 and one of MATH 345, MATH 361."
MATH,462,Projects in Mathematical Biology,3,"One of MATH 361, MATH 345.",,"Development and analysis of mathematical models for complex systems in ecology, evolution, cell biology, neurophysiology, and other biological and medical disciplines. [3-0-0] Prerequisite: One of MATH 361, MATH 345."
MATH,498,Co-operative Work Placement III,3,MATH 399. This course is not eligible for Credit/D/Fail grading.,,Approved and supervised technical work experience involving mathematics in industry for a minimum of 3 1/2 months. Technical report required. Restricted to students admitted to the Mathematics Co-operative Education Program. Prerequisite: MATH 399. This course is not eligible for Credit/D/Fail grading.
MATH,499,Co-operative Work Placement IV,3,MATH 498. This course is not eligible for Credit/D/Fail grading.,,Approved and supervised technical work experience involving mathematics in industry for a minimum of 3 1/2 months. Technical report required. Restricted to students admitted to the Mathematics Co-operative Education Program. Prerequisite: MATH 498. This course is not eligible for Credit/D/Fail grading.
MATH,501,Algebra I,3,,,This course is not eligible for Credit/D/Fail grading.
MATH,502,Algebra II,3,,,This course is not eligible for Credit/D/Fail grading.
MATH,503,Discrete Mathematics,3,,,This course is not eligible for Credit/D/Fail grading.
MATH,507,Measure Theory and Integration,3,,,This course is not eligible for Credit/D/Fail grading.
MATH,508,Complex Analysis,3,,,This course is not eligible for Credit/D/Fail grading.
MATH,510,Functional Analysis,3,,,This course is not eligible for Credit/D/Fail grading.
MATH,511,Operator Theory and Applications,3,,,This course is not eligible for Credit/D/Fail grading.
MATH,512,Quantum Theory,3,,,This course is not eligible for Credit/D/Fail grading.
MATH,513,Mathematical Classical Mechanics,3,,,This course is not eligible for Credit/D/Fail grading.
MATH,514,Ordinary Differential Equations,3,,,This course is not eligible for Credit/D/Fail grading.
MATH,515,Partial Differential Equations of Fluid Mechanics,3,,,This course is not eligible for Credit/D/Fail grading.
MATH,516,Partial Differential Equations I,3,,,This course is not eligible for Credit/D/Fail grading.
MATH,517,Partial Differential Equations II,3,,,This course is not eligible for Credit/D/Fail grading.
MATH,519,Fluid Mechanics I,3,,,This course is not eligible for Credit/D/Fail grading.
MATH,520,Fluid Mechanics II,3,,,This course is not eligible for Credit/D/Fail grading.
MATH,521,Numerical Analysis of Partial Differential Equations,3,,,This course is not eligible for Credit/D/Fail grading.
MATH,522,Numerical Analysis,3,,,This course is not eligible for Credit/D/Fail grading.
MATH,523,Combinatorial Optimization,3,,,This course is not eligible for Credit/D/Fail grading.
MATH,525,Differential Geometry I,3,,,This course is not eligible for Credit/D/Fail grading.
MATH,526,Differential Geometry II,3,,,This course is not eligible for Credit/D/Fail grading.
MATH,527,Algebraic Topology I,3,,,This course is not eligible for Credit/D/Fail grading.
MATH,528,Algebraic Topology II,3,,,This course is not eligible for Credit/D/Fail grading.
MATH,529,Differential Topology,3,,,This course is not eligible for Credit/D/Fail grading.
MATH,530,Geometric Topology,3,,,This course is not eligible for Credit/D/Fail grading.
MATH,532,Algebraic Geometry I,3,,,This course is not eligible for Credit/D/Fail grading.
MATH,533,Algebraic Geometry II,3,,,This course is not eligible for Credit/D/Fail grading.
MATH,534,Lie Theory I,3,,,This course is not eligible for Credit/D/Fail grading.
MATH,535,Lie Theory II,3,,,This course is not eligible for Credit/D/Fail grading.
MATH,537,Elementary Number Theory,3,,,This course is not eligible for Credit/D/Fail grading.
MATH,538,Algebraic Number Theory,3,,,This course is not eligible for Credit/D/Fail grading.
MATH,539,Analytic Number Theory,3,,,This course is not eligible for Credit/D/Fail grading.
MATH,541,Harmonic Analysis I,3,,,This course is not eligible for Credit/D/Fail grading.
MATH,542,Harmonic Analysis II,3,,,This course is not eligible for Credit/D/Fail grading.
MATH,543,Discrete Harmonic Analysis,3,,,This course is not eligible for Credit/D/Fail grading.
MATH,544,Probability I,3,,,This course is not eligible for Credit/D/Fail grading.
MATH,545,Probability II,3,,,This course is not eligible for Credit/D/Fail grading.
MATH,546,Continuous Time Stochastic Processes,3,"All of MATH 544, MATH 545. This course is not eligible for Credit/D/Fail grading.",,"Prerequisite: All of MATH 544, MATH 545. This course is not eligible for Credit/D/Fail grading."
MATH,547,Optimal Control Theory,3,,,"Optimal control of systems governed by ordinary differential equations. The control problem will be carefully stated, and existence results and necessary conditions will be established. Hamilton-Jacobi-Bellman theory will be introduced. This course is not eligible for Credit/D/Fail grading."
MATH,548,Discrete Random Processes,3,"All of MATH 544, MATH 545. This course is not eligible for Credit/D/Fail grading.",,"Prerequisite: All of MATH 544, MATH 545. This course is not eligible for Credit/D/Fail grading."
MATH,550,Methods of Asymptotic Analysis,3,,,This course is not eligible for Credit/D/Fail grading.
MATH,551,Perturbation Methods for Differential Equations,3,MATH 550. Ordinary and partial differential equations (MATH 400 or equivalent). This course is not eligible for Credit/D/Fail grading.,,Prerequisite: MATH 550. Ordinary and partial differential equations (MATH 400 or equivalent). This course is not eligible for Credit/D/Fail grading.
MATH,552,Introduction to Dynamical Systems,3,,,"Ideas, methods and applications of bifurcation theory and dynamical systems: differential and difference equations, local bifurcations, perturbation methods, chaos. Recommended pre-requisites: one of MATH 215, MATH 255, MATH 256 and one of MATH 256, MATH 257, MATH 316. This course is not eligible for Credit/D/Fail grading."
MATH,553,Advanced Dynamical Systems,3,MATH 552. This course is not eligible for Credit/D/Fail grading.,,"Topics from: hyperbolic invariant sets and symbolic dynamics, global bifurcations, local bifurcations for partial differential equations, multiple bifurcations, bifurcations and symmetry, applications. Prerequisite: MATH 552. This course is not eligible for Credit/D/Fail grading."
MATH,554,Symmetries and Differential Equations,3,,,"Dimensional analysis, modelling, and invariance. Lie groups of transformations, infinitesimal transformations. Applications to ordinary and partial differential equations. No knowledge of group theory will be assumed. Recommended pre-requisite: elementary courses in differential equations and linear algebra. This course is not eligible for Credit/D/Fail grading."
MATH,555,Compressed Sensing,3,,,This course is not eligible for Credit/D/Fail grading.
MATH,556,Industrial Mathematical Modelling,3,,,This course is not eligible for Credit/D/Fail grading.
MATH,557,Linear and Nonlinear Waves,3,,,Classical and recent results in linear and nonlinear waves. Geometrical acoustics and kinematic waves; large amplitude waves in weakly stratified media; small amplitude waves in strongly stratified media. Dispersive waves; group velocity; applications. Recommended pre-requisites: MATH 400 and some knowledge of either fluid mechanics or elasticity. This course is not eligible for Credit/D/Fail grading.
MATH,559,Complex Fluids,3,,,This course is not eligible for Credit/D/Fail grading.
MATH,560,Mathematical Biology,3,,,"Mathematical methods in modelling biological processes, at levels from cell biochemistry to community ecology. This course is not eligible for Credit/D/Fail grading."
MATH,561,Mathematics of Infectious Diseases and Immunology,3,,,Mathematical models for disease spread in populations. Within-host infectious disease dynamics. Models of the immune system and immune cells. This course is not eligible for Credit/D/Fail grading.
MATH,562,Mathematical Electrophysiology,3,,,"Formulation and analysis of models of excitable media. FitzHugh-Nagumo model, ionic models of membrane excitability (e.g., Hodgkin-Huxley), calcium excitability, bursting phenomena. This course is not eligible for Credit/D/Fail grading."
MATH,563,Modelling of Cell-Scale Biology,3,,,"Concepts and techniques for modelling cellular and subcellular dynamics in biological systems. Topics may include complex biochemical systems, biopolymers in cell motility and division, continuum mechanics, and membrane dynamics. This course is not eligible for Credit/D/Fail grading."
MATH,564,Evolutionary Dynamics,3,,,"Mathematical models of evolution and evolutionary game theory. Stochastic dynamics in finite populations, dynamics in spatially structured populations, and adaptive dynamics. Applications include the origin of species and the problem of cooperation. This course is not eligible for Credit/D/Fail grading."
MATH,566,Theory of Optimal Transportation,3,,,This course is not eligible for Credit/D/Fail grading.
MATH,567,Nonlinear Wave Equations,3,,,This course is not eligible for Credit/D/Fail grading.
MATH,589,M.Sc. Major Essay,3,,,This course is not eligible for Credit/D/Fail grading.
MATH,591,Graduate Seminar in Applied Mathematics,2,,,This course is not eligible for Credit/D/Fail grading.
MATH,599,Mathematics Teaching Techniques,1,,,[3-0-0] This course is not eligible for Credit/D/Fail grading.
MATH,649,Doctoral Dissertation,0,,,This course is not eligible for Credit/D/Fail grading.
